{
  "total_costs_EUR":1632940019.3610532284,
  "total_revenues_EUR":1878300550.5786736012,
  "total_profit_EUR":245360531.2176203728
}