{
  "total_costs_EUR": 80488.53172663852,
  "total_revenues_EUR": 96997.77507628388,
  "total_profit_EUR": 16509.24334964536
}